park_code,park_name,wiki_url,nps_url,area_acres,lat,lon
ABLI,Abraham Lincoln Birthplace National Historical Park,https://en.wikipedia.org/wiki/Abraham_Lincoln_Birthplace_National_Historical_Park,https://www.nps.gov/ABLI/index.htm,344.5,37.531,-85.7375
ACAD,Acadia National Park,https://en.wikipedia.org/wiki/Acadia_National_Park,https://www.nps.gov/ACAD/index.htm,49075.0,44.35,-68.217
ADAM,Adams National Historical Park,https://en.wikipedia.org/wiki/Adams_National_Historical_Park,https://www.nps.gov/ADAM/index.htm,8.5,42.25639,-71.01139
AFBG,African Burial Ground National Monument,https://en.wikipedia.org/wiki/African_Burial_Ground_National_Monument,https://www.nps.gov/AFBG/index.htm,0.35,40.71444,-74.00444
AGFO,Agate Fossil Beds National Monument,https://en.wikipedia.org/wiki/Agate_Fossil_Beds_National_Monument,https://www.nps.gov/AGFO/index.htm,3057.87,42.421703,-103.75388
ALAG,Alagnak Wild River,https://en.wikipedia.org/wiki/Alagnak_Wild_River,https://www.nps.gov/ALAG/index.htm,,,
ALFL,Alibates Flint Quarries National Monument,https://en.wikipedia.org/wiki/Alibates_Flint_Quarries_National_Monument,https://www.nps.gov/ALFL/index.htm,1371.0,35.575045,-101.6837868
ALPO,Allegheny Portage Railroad National Historic Site,https://en.wikipedia.org/wiki/Allegheny_Portage_Railroad_National_Historic_Site,https://www.nps.gov/ALPO/index.htm,1296.0,40.45417,-78.54028
AMCH,Amache National Historic Site,https://en.wikipedia.org/wiki/Amache_National_Historic_Site,https://www.nps.gov/AMCH/index.htm,,38.04962,-102.3286
AMIS,Amistad National Recreation Area,https://en.wikipedia.org/wiki/Amistad_National_Recreation_Area,https://www.nps.gov/AMIS/index.htm,58500.0,29.43667,-101.05
ANDE,Andersonville National Historic Site,https://en.wikipedia.org/wiki/Andersonville_National_Historic_Site,https://www.nps.gov/ANDE/index.htm,514.0,32.19472,-84.12889
ANIA,Aniakchak National Monument & Preserve,https://en.wikipedia.org/wiki/Aniakchak_National_Monument_and_Preserve,https://www.nps.gov/ANIA/index.htm,601294.0,56.833,-158.25
ANJO,Andrew Johnson National Historic Site,https://en.wikipedia.org/wiki/Andrew_Johnson_National_Historic_Site,https://www.nps.gov/ANJO/index.htm,16.68,36.15833,-82.835
ANTI,Antietam National Battlefield,https://en.wikipedia.org/wiki/Antietam_National_Battlefield,https://www.nps.gov/ANTI/index.htm,3229.0,39.47028,-77.73806
APCO,Appomattox Court House National Historical Park,https://en.wikipedia.org/wiki/Appomattox_Court_House_National_Historical_Park,https://www.nps.gov/APCO/index.htm,1774.6,37.3775,-78.796
APIS,Apostle Islands National Lakeshore,https://en.wikipedia.org/wiki/Apostle_Islands_National_Lakeshore,https://www.nps.gov/APIS/index.htm,69540.0,46.96528,-90.66417
ARCH,Arches National Park,https://en.wikipedia.org/wiki/Arches_National_Park,https://www.nps.gov/ARCH/index.htm,76679.0,38.72806,-109.54
ARHO,"Arlington House, The Robert  E. Lee Memorial","https://en.wikipedia.org/wiki/Arlington_House,_The_Robert__E._Lee_Memorial",https://www.nps.gov/ARHO/index.htm,28.08,38.8821531,-77.0735239
ARPO,Arkansas Post National Memorial,https://en.wikipedia.org/wiki/Arkansas_Post_National_Memorial,https://www.nps.gov/ARPO/index.htm,757.51,34.01667,-91.34528
ASIS,Assateague Island National Seashore,https://en.wikipedia.org/wiki/Assateague_Island_National_Seashore,https://www.nps.gov/ASIS/index.htm,41320.0,38.08333,-75.20833
AZRU,Aztec Ruins National Monument,https://en.wikipedia.org/wiki/Aztec_Ruins_National_Monument,https://www.nps.gov/AZRU/index.htm,318.0,36.835837,-107.9981235
BADL,Badlands National Park,https://en.wikipedia.org/wiki/Badlands_National_Park,https://www.nps.gov/BADL/index.htm,242756.0,43.75,-102.5
BAND,Bandelier National Monument,https://en.wikipedia.org/wiki/Bandelier_National_Monument,https://www.nps.gov/BAND/index.htm,33677.0,35.77889,-106.32111
BELA,Bering Land Bridge National Preserve,https://en.wikipedia.org/wiki/Bering_Land_Bridge_National_Preserve,https://www.nps.gov/BELA/index.htm,2697391.0,65.833,-164.167
BEOL,Bent's Old Fort National Historic Site,https://en.wikipedia.org/wiki/Bent's_Old_Fort_National_Historic_Site,https://www.nps.gov/BEOL/index.htm,799.0,38.0406,-103.4294
BEPA,Belmont-Paul Women's Equality National Monument,https://en.wikipedia.org/wiki/Belmont-Paul_Women's_Equality_National_Monument,https://www.nps.gov/BEPA/index.htm,0.34,38.89194,-77.00361
BIBE,Big Bend National Park,https://en.wikipedia.org/wiki/Big_Bend_National_Park,https://www.nps.gov/BIBE/index.htm,801163.0,29.25,-103.25
BICA,Bighorn Canyon National Recreation Area,https://en.wikipedia.org/wiki/Bighorn_Canyon_National_Recreation_Area,https://www.nps.gov/BICA/index.htm,120296.22,45.19444,-108.13056
BICR,Birmingham Civil Rights National Monument,https://en.wikipedia.org/wiki/Birmingham_Civil_Rights_National_Monument,https://www.nps.gov/BICR/index.htm,18.25,33.51528,-86.81472
BICY,Big Cypress National Preserve,https://en.wikipedia.org/wiki/Big_Cypress_National_Preserve,https://www.nps.gov/BICY/index.htm,720566.0,25.85889,-81.03389
BIHO,Big Hole National Battlefield,https://en.wikipedia.org/wiki/Big_Hole_National_Battlefield,https://www.nps.gov/BIHO/index.htm,655.61,45.6375,-113.64361
BISC,Biscayne National Park,https://en.wikipedia.org/wiki/Biscayne_National_Park,https://www.nps.gov/BISC/index.htm,172971.0,25.46944,-80.18611
BISO,Big South Fork National River & Recreation Area,https://en.wikipedia.org/wiki/Big_South_Fork_National_River_and_Recreation_Area,https://www.nps.gov/BISO/index.htm,125310.0,36.4865,-84.6985
BITH,Big Thicket National Preserve,https://en.wikipedia.org/wiki/Big_Thicket_National_Preserve,https://www.nps.gov/BITH/index.htm,113122.0,30.5475,-94.34
BLCA,Black Canyon Of The Gunnison National Park,https://en.wikipedia.org/wiki/Black_Canyon_Of_The_Gunnison_National_Park,https://www.nps.gov/BLCA/index.htm,30750.0,38.5791,-107.7276
BLRI,Blue Ridge Parkway,https://en.wikipedia.org/wiki/Blue_Ridge_Parkway,https://www.nps.gov/BLRI/index.htm,93390.0,36.51861,-80.93583
BLRV,Blackstone River Valley National Historical Park,https://en.wikipedia.org/wiki/Blackstone_River_Valley_National_Historical_Park,https://www.nps.gov/BLRV/index.htm,,41.8775,-71.3825
BLUE,Bluestone National Scenic River,https://en.wikipedia.org/wiki/Bluestone_National_Scenic_River,https://www.nps.gov/BLUE/index.htm,,37.54167,-80.99917
BOAF,Boston African American National Historic Site,https://en.wikipedia.org/wiki/Boston_African_American_National_Historic_Site,https://www.nps.gov/BOAF/index.htm,0.18,42.36,-71.06472
BOHA,Boston Harbor Islands National Recreation Area,https://en.wikipedia.org/wiki/Boston_Harbor_Islands_National_Recreation_Area,https://www.nps.gov/BOHA/index.htm,1482.0,42.31861,-70.94583
BOST,Boston National Historical Park,https://en.wikipedia.org/wiki/Boston_National_Historical_Park,https://www.nps.gov/BOST/index.htm,43.0,42.36,-71.05639
BOWA,Booker T Washington National Monument,https://en.wikipedia.org/wiki/Booker_T_Washington_National_Monument,https://www.nps.gov/BOWA/index.htm,198.8,37.1196056,-79.7315139
BRCA,Bryce Canyon National Park,https://en.wikipedia.org/wiki/Bryce_Canyon_National_Park,https://www.nps.gov/BRCA/index.htm,35835.0,37.64,-112.17
BRCR,Brices Cross Roads National Battlefield Site,https://en.wikipedia.org/wiki/Brices_Cross_Roads_National_Battlefield_Site,https://www.nps.gov/BRCR/index.htm,1.0,34.506111,-88.728889
BRVB,Brown v. Board of Education National Historical Park,https://en.wikipedia.org/wiki/Brown_v._Board_of_Education_National_Historical_Park,https://www.nps.gov/BRVB/index.htm,1.85,39.03806,-95.67639
BUFF,Buffalo National River,https://en.wikipedia.org/wiki/Buffalo_National_River,https://www.nps.gov/BUFF/index.htm,,,
BUIS,Buck Island Reef National Monument,https://en.wikipedia.org/wiki/Buck_Island_Reef_National_Monument,https://www.nps.gov/BUIS/index.htm,880.0,17.78694,-64.61916
CABR,Cabrillo National Monument,https://en.wikipedia.org/wiki/Cabrillo_National_Monument,https://www.nps.gov/CABR/index.htm,143.9,32.67306,-117.23861
CACH,Canyon de Chelly National Monument,https://en.wikipedia.org/wiki/Canyon_de_Chelly_National_Monument,https://www.nps.gov/CACH/index.htm,83840.0,36.155281,-109.508995
CACL,Castle Clinton National Monument,https://en.wikipedia.org/wiki/Castle_Clinton_National_Monument,https://www.nps.gov/CACL/index.htm,1.0,40.7035,-74.0168
CACO,Cape Cod National Seashore,https://en.wikipedia.org/wiki/Cape_Cod_National_Seashore,https://www.nps.gov/CACO/index.htm,43607.14,41.83722,-69.97278
CAGR,Casa Grande Ruins National Monument,https://en.wikipedia.org/wiki/Casa_Grande_Ruins_National_Monument,https://www.nps.gov/CAGR/index.htm,472.5,32.9970051,-111.5320692
CAHA,Cape Hatteras National Seashore,https://en.wikipedia.org/wiki/Cape_Hatteras_National_Seashore,https://www.nps.gov/CAHA/index.htm,30351.0,35.30361,-75.51139
CAKR,Cape Krusenstern National Monument,https://en.wikipedia.org/wiki/Cape_Krusenstern_National_Monument,https://www.nps.gov/CAKR/index.htm,649082.0,67.333,-163.583
CALO,Cape Lookout National Seashore,https://en.wikipedia.org/wiki/Cape_Lookout_National_Seashore,https://www.nps.gov/CALO/index.htm,28243.0,34.6125,-76.53056
CAMO,Castle Mountains National Monument,https://en.wikipedia.org/wiki/Castle_Mountains_National_Monument,https://www.nps.gov/CAMO/index.htm,20920.0,35.25,-115.11
CANA,Canaveral National Seashore,https://en.wikipedia.org/wiki/Canaveral_National_Seashore,https://www.nps.gov/CANA/index.htm,57662.0,28.7675,-80.77694
CANE,Camp Nelson National Monument,https://en.wikipedia.org/wiki/Camp_Nelson_National_Monument,https://www.nps.gov/CANE/index.htm,,37.78778,-84.59806
CANY,Canyonlands National Park,https://en.wikipedia.org/wiki/Canyonlands_National_Park,https://www.nps.gov/CANY/index.htm,337598.0,38.16691,-109.75966
CARE,Capitol Reef National Park,https://en.wikipedia.org/wiki/Capitol_Reef_National_Park,https://www.nps.gov/CARE/index.htm,241904.0,38.2,-111.167
CARI,Cane River Creole National Historical Park,https://en.wikipedia.org/wiki/Cane_River_Creole_National_Historical_Park,https://www.nps.gov/CARI/index.htm,207.0,31.66556,-93.00278
CARL,Carl Sandburg Home National Historic Site,https://en.wikipedia.org/wiki/Carl_Sandburg_Home_National_Historic_Site,https://www.nps.gov/CARL/index.htm,246.0,35.27145,-82.44723
CASA,Castillo de San Marcos National Monument,https://en.wikipedia.org/wiki/Castillo_de_San_Marcos_National_Monument,https://www.nps.gov/CASA/index.htm,20.48,29.89778,-81.31139
CATO,Catoctin Mountain Park,https://en.wikipedia.org/wiki/Catoctin_Mountain_Park,https://www.nps.gov/CATO/index.htm,6154.0,39.63444,-77.45
CAVE,Carlsbad Caverns National Park,https://en.wikipedia.org/wiki/Carlsbad_Caverns_National_Park,https://www.nps.gov/CAVE/index.htm,46766.0,32.17528,-104.44389
CAVO,Capulin Volcano National Monument,https://en.wikipedia.org/wiki/Capulin_Volcano_National_Monument,https://www.nps.gov/CAVO/index.htm,793.0,36.78222,-103.97
CAWO,Carter G. Woodson Home National Historic Site,https://en.wikipedia.org/wiki/Carter_G._Woodson_Home_National_Historic_Site,https://www.nps.gov/CAWO/index.htm,0.15,38.91,-77.02417
CEBE,Cedar Creek & Belle Grove National Historical Park,https://en.wikipedia.org/wiki/Cedar_Creek_and_Belle_Grove_National_Historical_Park,https://www.nps.gov/CEBE/index.htm,3712.0,39.1675,-78.30083
CEBR,Cedar Breaks National Monument,https://en.wikipedia.org/wiki/Cedar_Breaks_National_Monument,https://www.nps.gov/CEBR/index.htm,6155.0,37.6424776,-112.8488318
CECH,César E. Chávez National Monument,https://en.wikipedia.org/wiki/Cesar_E._Chavez_National_Monument,https://www.nps.gov/CECH/index.htm,116.0,35.2273,-118.5614
CHAM,Chamizal National Memorial,https://en.wikipedia.org/wiki/Chamizal_National_Memorial,https://www.nps.gov/CHAM/index.htm,54.9,31.76778,-106.45417
CHAT,Chattahoochee River National Recreation Area,https://en.wikipedia.org/wiki/Chattahoochee_River_National_Recreation_Area,https://www.nps.gov/CHAT/index.htm,10550.0,33.98722,-84.32472
CHCH,Chickamauga & Chattanooga National Military Park,https://en.wikipedia.org/wiki/Chickamauga_and_Chattanooga_National_Military_Park,https://www.nps.gov/CHCH/index.htm,9523.0,34.94,-85.26
CHCU,Chaco Culture National Historical Park,https://en.wikipedia.org/wiki/Chaco_Culture_National_Historical_Park,https://www.nps.gov/CHCU/index.htm,33977.8,36.06,-107.96
CHIC,Chickasaw National Recreation Area,https://en.wikipedia.org/wiki/Chickasaw_National_Recreation_Area,https://www.nps.gov/CHIC/index.htm,9899.0,34.50056,-96.97222
CHIR,Chiricahua National Monument,https://en.wikipedia.org/wiki/Chiricahua_National_Monument,https://www.nps.gov/CHIR/index.htm,12025.0,32.00569,-109.35672
CHIS,Channel Islands National Park,https://en.wikipedia.org/wiki/Channel_Islands_National_Park,https://www.nps.gov/CHIS/index.htm,249561.0,34.0083,-119.4167
CHOH,Chesapeake & Ohio Canal National Historical Park,https://en.wikipedia.org/wiki/Chesapeake_and_Ohio_Canal_National_Historical_Park,https://www.nps.gov/CHOH/index.htm,19586.0,38.89972,-77.05778
CHPI,Charles Pinckney National Historic Site,https://en.wikipedia.org/wiki/Charles_Pinckney_National_Historic_Site,https://www.nps.gov/CHPI/index.htm,28.45,32.84611,-79.82472
CHRI,Christiansted National Historic Site,https://en.wikipedia.org/wiki/Christiansted_National_Historic_Site,https://www.nps.gov/CHRI/index.htm,27.15,17.74694,-64.70222
CHSC,Little Rock Central High School National Historic Site,https://en.wikipedia.org/wiki/Little_Rock_Central_High_School_National_Historic_Site,https://www.nps.gov/CHSC/index.htm,17.95,34.7368,-92.2989
CHYO,Charles Young Buffalo Soldiers National Monument,https://en.wikipedia.org/wiki/Charles_Young_Buffalo_Soldiers_National_Monument,https://www.nps.gov/CHYO/index.htm,59.65,39.707252,-83.890227
CIRO,City Of Rocks National Reserve,https://en.wikipedia.org/wiki/City_Of_Rocks_National_Reserve,https://www.nps.gov/CIRO/index.htm,14407.0,42.0698842,-113.7124104
CLBA,Clara Barton National Historic Site,https://en.wikipedia.org/wiki/Clara_Barton_National_Historic_Site,https://www.nps.gov/CLBA/index.htm,9.0,38.96694,-77.14083
COLM,Colorado National Monument,https://en.wikipedia.org/wiki/Colorado_National_Monument,https://www.nps.gov/COLM/index.htm,20533.0,39.0425,-108.68611
COLO,Colonial National Historical Park,https://en.wikipedia.org/wiki/Colonial_National_Historical_Park,https://www.nps.gov/COLO/index.htm,9349.28,37.21889,-76.5175
CONG,Congaree National Park,https://en.wikipedia.org/wiki/Congaree_National_Park,https://www.nps.gov/CONG/index.htm,26692.6,33.78333,-80.78333
CORO,Coronado National Memorial,https://en.wikipedia.org/wiki/Coronado_National_Memorial,https://www.nps.gov/CORO/index.htm,4750.22,31.34833,-110.27167
COWP,Cowpens National Battlefield,https://en.wikipedia.org/wiki/Cowpens_National_Battlefield,https://www.nps.gov/COWP/index.htm,842.0,35.13667,-81.81806
CRLA,Crater Lake National Park,https://en.wikipedia.org/wiki/Crater_Lake_National_Park,https://www.nps.gov/CRLA/index.htm,183224.0,42.91183,-122.14807
CRMO,Craters Of The Moon National Monument & Preserve,https://en.wikipedia.org/wiki/Craters_Of_The_Moon_National_Monument_and_Preserve,https://www.nps.gov/CRMO/index.htm,753000.0,43.46167,-113.56271
CUGA,Cumberland Gap National Historical Park,https://en.wikipedia.org/wiki/Cumberland_Gap_National_Historical_Park,https://www.nps.gov/CUGA/index.htm,20508.0,36.60417,-83.68722
CUIS,Cumberland Island National Seashore,https://en.wikipedia.org/wiki/Cumberland_Island_National_Seashore,https://www.nps.gov/CUIS/index.htm,36415.39,30.833,-81.45
CURE,Curecanti National Recreation Area,https://en.wikipedia.org/wiki/Curecanti_National_Recreation_Area,https://www.nps.gov/CURE/index.htm,43095.0,38.45472,-107.32694
CUVA,Cuyahoga Valley National Park,https://en.wikipedia.org/wiki/Cuyahoga_Valley_National_Park,https://www.nps.gov/CUVA/index.htm,32783.0,41.24167,-81.54972
DAAV,Dayton Aviation Heritage National Historical Park,https://en.wikipedia.org/wiki/Dayton_Aviation_Heritage_National_Historical_Park,https://www.nps.gov/DAAV/index.htm,86.0,39.79472,-84.08889
DDEM,Dwight D. Eisenhower Memorial,https://en.wikipedia.org/wiki/Dwight_D._Eisenhower_Memorial,https://www.nps.gov/DDEM/index.htm,,38.887182,-77.018771
DENA,Denali National Park & Preserve,https://en.wikipedia.org/wiki/Denali_National_Park_and_Preserve,https://www.nps.gov/DENA/index.htm,4740911.0,63.43,-150.32
DEPO,Devils Postpile National Monument,https://en.wikipedia.org/wiki/Devils_Postpile_National_Monument,https://www.nps.gov/DEPO/index.htm,798.0,37.62444,-119.08444
DESO,De Soto National Memorial,https://en.wikipedia.org/wiki/De_Soto_National_Memorial,https://www.nps.gov/DESO/index.htm,26.84,27.52389,-82.64444
DETO,Devils Tower National Monument,https://en.wikipedia.org/wiki/Devils_Tower_National_Monument,https://www.nps.gov/DETO/index.htm,1346.91,44.59056,-104.71528
DEVA,Death Valley National Park,https://en.wikipedia.org/wiki/Death_Valley_National_Park,https://www.nps.gov/DEVA/index.htm,3422024.0,36.24194,-116.82583
DEWA,Delaware Water Gap National Recreation Area,https://en.wikipedia.org/wiki/Delaware_Water_Gap_National_Recreation_Area,https://www.nps.gov/DEWA/index.htm,66741.0,41.15381,-74.91388
DINO,Dinosaur National Monument,https://en.wikipedia.org/wiki/Dinosaur_National_Monument,https://www.nps.gov/DINO/index.htm,210844.0,40.533,-108.983
DRTO,Dry Tortugas National Park,https://en.wikipedia.org/wiki/Dry_Tortugas_National_Park,https://www.nps.gov/DRTO/index.htm,64701.0,24.62861,-82.87333
EBLA,Ebey's Landing National Historical Reserve,https://en.wikipedia.org/wiki/Ebey's_Landing_National_Historical_Reserve,https://www.nps.gov/EBLA/index.htm,19333.0,48.21833,-122.68361
EDAL,Edgar Allan Poe National Historic Site,https://en.wikipedia.org/wiki/Edgar_Allan_Poe_National_Historic_Site,https://www.nps.gov/EDAL/index.htm,0.52,39.96167,-75.15028
EDIS,Thomas Edison National Historical Park,https://en.wikipedia.org/wiki/Thomas_Edison_National_Historical_Park,https://www.nps.gov/EDIS/index.htm,21.25,40.78361,-74.23361
EFMO,Effigy Mounds National Monument,https://en.wikipedia.org/wiki/Effigy_Mounds_National_Monument,https://www.nps.gov/EFMO/index.htm,2526.0,43.0888,-91.1856
EISE,Eisenhower National Historic Site,https://en.wikipedia.org/wiki/Eisenhower_National_Historic_Site,https://www.nps.gov/EISE/index.htm,690.5,39.79333,-77.26333
ELMA,El Malpais National Monument,https://en.wikipedia.org/wiki/El_Malpais_National_Monument,https://www.nps.gov/ELMA/index.htm,114276.0,34.87722,-108.05083
ELMO,El Morro National Monument,https://en.wikipedia.org/wiki/El_Morro_National_Monument,https://www.nps.gov/ELMO/index.htm,1278.72,35.03833,-108.35333
ELRO,Eleanor Roosevelt National Historic Site,https://en.wikipedia.org/wiki/Eleanor_Roosevelt_National_Historic_Site,https://www.nps.gov/ELRO/index.htm,181.0,41.76306,-73.89889
EUON,Eugene O'Neill National Historic Site,https://en.wikipedia.org/wiki/Eugene_O'Neill_National_Historic_Site,https://www.nps.gov/EUON/index.htm,158.6,37.82444,-122.02972
EVER,Everglades National Park,https://en.wikipedia.org/wiki/Everglades_National_Park,https://www.nps.gov/EVER/index.htm,1508976.0,25.3125,-80.6875
FEHA,Federal Hall National Memorial,https://en.wikipedia.org/wiki/Federal_Hall_National_Memorial,https://www.nps.gov/FEHA/index.htm,0.45,40.70722,-74.01028
FIIS,Fire Island National Seashore,https://en.wikipedia.org/wiki/Fire_Island_National_Seashore,https://www.nps.gov/FIIS/index.htm,19579.0,40.69639,-72.98278
FILA,First Ladies National Historic Site,https://en.wikipedia.org/wiki/First_Ladies_National_Historic_Site,https://www.nps.gov/FILA/index.htm,0.46,40.79667,-81.37528
FLFO,Florissant Fossil Beds National Monument,https://en.wikipedia.org/wiki/Florissant_Fossil_Beds_National_Monument,https://www.nps.gov/FLFO/index.htm,57.92,38.914,-105.287
FLNI,Flight 93 National Memorial,https://en.wikipedia.org/wiki/Flight_93_National_Memorial,https://www.nps.gov/FLNI/index.htm,2321.0,40.05667,-78.90583
FOBO,Fort Bowie National Historic Site,https://en.wikipedia.org/wiki/Fort_Bowie_National_Historic_Site,https://www.nps.gov/FOBO/index.htm,999.45,32.14611,-109.43556
FOBU,Fossil Butte National Monument,https://en.wikipedia.org/wiki/Fossil_Butte_National_Monument,https://www.nps.gov/FOBU/index.htm,8198.0,41.86444,-110.77583
FOCA,Fort Caroline National Memorial,https://en.wikipedia.org/wiki/Fort_Caroline_National_Memorial,https://www.nps.gov/FOCA/index.htm,138.39,30.38694,-81.50056
FODA,Fort Davis National Historic Site,https://en.wikipedia.org/wiki/Fort_Davis_National_Historic_Site,https://www.nps.gov/FODA/index.htm,523.0,30.59917,-103.89278
FODO,Fort Donelson National Battlefield,https://en.wikipedia.org/wiki/Fort_Donelson_National_Battlefield,https://www.nps.gov/FODO/index.htm,1319.0,36.48722,-87.86083
FOFR,Fort Frederica National Monument,https://en.wikipedia.org/wiki/Fort_Frederica_National_Monument,https://www.nps.gov/FOFR/index.htm,284.49,31.22384,-81.39324
FOLA,Fort Laramie National Historic Site,https://en.wikipedia.org/wiki/Fort_Laramie_National_Historic_Site,https://www.nps.gov/FOLA/index.htm,833.0,42.20917,-104.535861
FOLS,Fort Larned National Historic Site,https://en.wikipedia.org/wiki/Fort_Larned_National_Historic_Site,https://www.nps.gov/FOLS/index.htm,718.0,38.18306,-99.21806
FOMA,Fort Matanzas National Monument,https://en.wikipedia.org/wiki/Fort_Matanzas_National_Monument,https://www.nps.gov/FOMA/index.htm,227.76,29.71528,-81.23917
FOMC,Fort McHenry National Monument and Historic Shrine,https://en.wikipedia.org/wiki/Fort_McHenry_National_Monument_and_Historic_Shrine,https://www.nps.gov/FOMC/index.htm,43.26,39.2633,-76.5799
FOMR,Fort Monroe National Monument,https://en.wikipedia.org/wiki/Fort_Monroe_National_Monument,https://www.nps.gov/FOMR/index.htm,565.0,37.00361,-76.3075
FONE,Fort Necessity National Battlefield,https://en.wikipedia.org/wiki/Fort_Necessity_National_Battlefield,https://www.nps.gov/FONE/index.htm,902.8,39.81528,-79.58944
FOPO,Fort Point National Historic Site,https://en.wikipedia.org/wiki/Fort_Point_National_Historic_Site,https://www.nps.gov/FOPO/index.htm,29.0,37.81056,-122.47722
FOPU,Fort Pulaski National Monument,https://en.wikipedia.org/wiki/Fort_Pulaski_National_Monument,https://www.nps.gov/FOPU/index.htm,5623.0,32.02722,-80.89028
FORA,Fort Raleigh National Historic Site,https://en.wikipedia.org/wiki/Fort_Raleigh_National_Historic_Site,https://www.nps.gov/FORA/index.htm,14.0,35.93861,-75.71
FOSC,Fort Scott National Historic Site,https://en.wikipedia.org/wiki/Fort_Scott_National_Historic_Site,https://www.nps.gov/FOSC/index.htm,17.0,37.84389,-94.70472
FOSM,Fort Smith National Historic Site,https://en.wikipedia.org/wiki/Fort_Smith_National_Historic_Site,https://www.nps.gov/FOSM/index.htm,75.0,35.38821,-94.429834
FOST,Fort Stanwix National Monument,https://en.wikipedia.org/wiki/Fort_Stanwix_National_Monument,https://www.nps.gov/FOST/index.htm,16.0,43.21056,-75.45528
FOSU,Fort Sumter and Fort Moultrie National Historical Park,https://en.wikipedia.org/wiki/Fort_Sumter_and_Fort_Moultrie_National_Historical_Park,https://www.nps.gov/FOSU/index.htm,199.57,32.75222,-79.87472
FOTH,Ford's Theatre National Historic Site,https://en.wikipedia.org/wiki/Ford's_Theatre_National_Historic_Site,https://www.nps.gov/FOTH/index.htm,0.29,38.89667,-77.02583
FOUN,Fort Union National Monument,https://en.wikipedia.org/wiki/Fort_Union_National_Monument,https://www.nps.gov/FOUN/index.htm,720.6,35.907,-105.015
FOUS,Fort Union Trading Post National Historic Site,https://en.wikipedia.org/wiki/Fort_Union_Trading_Post_National_Historic_Site,https://www.nps.gov/FOUS/index.htm,444.0,47.99944,-104.04056
FOVA,Fort Vancouver National Historic Site,https://en.wikipedia.org/wiki/Fort_Vancouver_National_Historic_Site,https://www.nps.gov/FOVA/index.htm,207.0,45.625395,-122.6581525
FOWA,Fort Washington Park,https://en.wikipedia.org/wiki/Fort_Washington_Park,https://www.nps.gov/FOWA/index.htm,341.0,38.71083,-77.03306
FRDE,Franklin Delano Roosevelt Memorial,https://en.wikipedia.org/wiki/Franklin_Delano_Roosevelt_Memorial,https://www.nps.gov/FRDE/index.htm,7.5,38.88389,-77.04444
FRDO,Frederick Douglass National Historic Site,https://en.wikipedia.org/wiki/Frederick_Douglass_National_Historic_Site,https://www.nps.gov/FRDO/index.htm,9.0,38.86333,-76.98528
FRHI,Friendship Hill National Historic Site,https://en.wikipedia.org/wiki/Friendship_Hill_National_Historic_Site,https://www.nps.gov/FRHI/index.htm,675.0,39.77778,-79.92917
FRLA,Frederick Law Olmsted National Historic Site,https://en.wikipedia.org/wiki/Frederick_Law_Olmsted_National_Historic_Site,https://www.nps.gov/FRLA/index.htm,7.0,42.325,-71.13222
FRRI,Freedom Riders National Monument,https://en.wikipedia.org/wiki/Freedom_Riders_National_Monument,https://www.nps.gov/FRRI/index.htm,7.83,33.635,-85.90833
FRSP,Fredericksburg & Spotsylvania National Military Park,https://en.wikipedia.org/wiki/Fredericksburg_and_Spotsylvania_National_Military_Park,https://www.nps.gov/FRSP/index.htm,8405.0,38.29306,-77.46917
FRST,First State National Historical Park,https://en.wikipedia.org/wiki/First_State_National_Historical_Park,https://www.nps.gov/FRST/index.htm,,39.66472,-75.56528
GAAR,Gates Of The Arctic National Park & Preserve,https://en.wikipedia.org/wiki/Gates_Of_The_Arctic_National_Park_and_Preserve,https://www.nps.gov/GAAR/index.htm,8472506.0,67.783,-153.3
GARI,Gauley River National Recreation Area,https://en.wikipedia.org/wiki/Gauley_River_National_Recreation_Area,https://www.nps.gov/GARI/index.htm,11507.0,38.22,-80.89
GATE,Gateway National Recreation Area,https://en.wikipedia.org/wiki/Gateway_National_Recreation_Area,https://www.nps.gov/GATE/index.htm,26607.0,40.454,-73.99699
GEGR,General Grant National Memorial,https://en.wikipedia.org/wiki/General_Grant_National_Memorial,https://www.nps.gov/GEGR/index.htm,0.76,40.81333,-73.96306
GERO,George Rogers Clark National Historical Park,https://en.wikipedia.org/wiki/George_Rogers_Clark_National_Historical_Park,https://www.nps.gov/GERO/index.htm,24.3,38.679194,-87.5355944
GETT,Gettysburg National Military Park,https://en.wikipedia.org/wiki/Gettysburg_National_Military_Park,https://www.nps.gov/GETT/index.htm,6032.0,39.80861,-77.23667
GEWA,George Washington Birthplace National Monument,https://en.wikipedia.org/wiki/George_Washington_Birthplace_National_Monument,https://www.nps.gov/GEWA/index.htm,661.7,38.18556,-76.91639
GICL,Gila Cliff Dwellings National Monument,https://en.wikipedia.org/wiki/Gila_Cliff_Dwellings_National_Monument,https://www.nps.gov/GICL/index.htm,533.0,33.22722,-108.27222
GLAC,Glacier National Park,https://en.wikipedia.org/wiki/Glacier_National_Park_(U.S.),https://www.nps.gov/GLAC/index.htm,1013322.0,48.755,-113.8
GLBA,Glacier Bay National Park & Preserve,https://en.wikipedia.org/wiki/Glacier_Bay_National_Park_and_Preserve,https://www.nps.gov/GLBA/index.htm,3223384.0,58.5,-137.0
GLCA,Glen Canyon National Recreation Area,https://en.wikipedia.org/wiki/Glen_Canyon_National_Recreation_Area,https://www.nps.gov/GLCA/index.htm,1254117.0,36.99361,-111.48694
GOGA,Golden Gate National Recreation Area,https://en.wikipedia.org/wiki/Golden_Gate_National_Recreation_Area,https://www.nps.gov/GOGA/index.htm,82116.0,37.8,-122.48
GOIS,Governors Island National Monument,https://en.wikipedia.org/wiki/Governors_Island_National_Monument,https://www.nps.gov/GOIS/index.htm,22.78,40.69139,-74.01611
GOSP,Golden Spike National Historical Park,https://en.wikipedia.org/wiki/Golden_Spike_National_Historical_Park,https://www.nps.gov/GOSP/index.htm,2735.0,41.6179,-112.5516
GRBA,Great Basin National Park,https://en.wikipedia.org/wiki/Great_Basin_National_Park,https://www.nps.gov/GRBA/index.htm,77180.0,39.00581,-114.21969
GRCA,Grand Canyon National Park,https://en.wikipedia.org/wiki/Grand_Canyon_National_Park,https://www.nps.gov/GRCA/index.htm,1217262.0,36.0552608,-112.1218355
GREE,Greenbelt Park,https://en.wikipedia.org/wiki/Greenbelt_Park,https://www.nps.gov/GREE/index.htm,1176.0,38.98333,-76.89778
GRKO,Grant-Kohrs Ranch National Historic Site,https://en.wikipedia.org/wiki/Grant-Kohrs_Ranch_National_Historic_Site,https://www.nps.gov/GRKO/index.htm,1618.0,46.40833,-112.73944
GRPO,Grand Portage National Monument,https://en.wikipedia.org/wiki/Grand_Portage_National_Monument,https://www.nps.gov/GRPO/index.htm,710.0,47.99639,-89.73417
GRSA,Great Sand Dunes National Park & Preserve,https://en.wikipedia.org/wiki/Great_Sand_Dunes_National_Park_and_Preserve,https://www.nps.gov/GRSA/index.htm,149028.0,37.7329,-105.5121
GRSM,Great Smoky Mountains National Park,https://en.wikipedia.org/wiki/Great_Smoky_Mountains_National_Park,https://www.nps.gov/GRSM/index.htm,522419.0,35.61111,-83.425
GRTE,Grand Teton National Park,https://en.wikipedia.org/wiki/Grand_Teton_National_Park,https://www.nps.gov/GRTE/index.htm,310000.0,43.83333,-110.70083
GUCO,Guilford Courthouse National Military Park,https://en.wikipedia.org/wiki/Guilford_Courthouse_National_Military_Park,https://www.nps.gov/GUCO/index.htm,253.54,36.13139,-79.84639
GUIS,Gulf Islands National Seashore,https://en.wikipedia.org/wiki/Gulf_Islands_National_Seashore,https://www.nps.gov/GUIS/index.htm,135457.89,30.36444,-86.9675
GUMO,Guadalupe Mountains National Park,https://en.wikipedia.org/wiki/Guadalupe_Mountains_National_Park,https://www.nps.gov/GUMO/index.htm,86367.0,31.917,-104.867
GWCA,George Washington Carver National Monument,https://en.wikipedia.org/wiki/George_Washington_Carver_National_Monument,https://www.nps.gov/GWCA/index.htm,240.0,36.986361,-94.354191
GWMP,George Washington Memorial Parkway,https://en.wikipedia.org/wiki/George_Washington_Memorial_Parkway,https://www.nps.gov/GWMP/index.htm,,,
HAFE,Harpers Ferry National Historical Park,https://en.wikipedia.org/wiki/Harpers_Ferry_National_Historical_Park,https://www.nps.gov/HAFE/index.htm,3660.73,39.32278,-77.72972
HAFO,Hagerman Fossil Beds National Monument,https://en.wikipedia.org/wiki/Hagerman_Fossil_Beds_National_Monument,https://www.nps.gov/HAFO/index.htm,4351.0,42.79028,-114.94528
HAGR,Hamilton Grange National Memorial,https://en.wikipedia.org/wiki/Hamilton_Grange_National_Memorial,https://www.nps.gov/HAGR/index.htm,1.04,40.82139,-73.94722
HALE,Haleakalā National Park,https://en.wikipedia.org/wiki/Haleakala_National_Park,https://www.nps.gov/HALE/index.htm,33265.0,20.71667,-156.16667
HAMP,Hampton National Historic Site,https://en.wikipedia.org/wiki/Hampton_National_Historic_Site,https://www.nps.gov/HAMP/index.htm,62.04,39.41611,-76.5875
HART,Harriet Tubman National Historical Park,https://en.wikipedia.org/wiki/Harriet_Tubman_National_Historical_Park,https://www.nps.gov/HART/index.htm,,42.9111028,-76.5677806
HATU,Harriet Tubman Underground Railroad National Historical Park,https://en.wikipedia.org/wiki/Harriet_Tubman_Underground_Railroad_National_Historical_Park,https://www.nps.gov/HATU/index.htm,480.0,38.4483,-76.1387
HAVO,Hawaiʻi Volcanoes National Park,https://en.wikipedia.org/wiki/Hawaii_Volcanoes_National_Park,https://www.nps.gov/HAVO/index.htm,354461.0,19.383,-155.2
HEHO,Herbert Hoover National Historic Site,https://en.wikipedia.org/wiki/Herbert_Hoover_National_Historic_Site,https://www.nps.gov/HEHO/index.htm,186.8,41.66889,-91.34806
HOBE,Horseshoe Bend National Military Park,https://en.wikipedia.org/wiki/Horseshoe_Bend_National_Military_Park,https://www.nps.gov/HOBE/index.htm,2040.0,32.97083,-85.73833
HOCU,Hopewell Culture National Historical Park,https://en.wikipedia.org/wiki/Hopewell_Culture_National_Historical_Park,https://www.nps.gov/HOCU/index.htm,1170.0,39.37583,-83.00639
HOFR,Home Of Franklin D Roosevelt National Historic Site,https://en.wikipedia.org/wiki/Home_Of_Franklin_D_Roosevelt_National_Historic_Site,https://www.nps.gov/HOFR/index.htm,800.0,41.76722,-73.93556
HOFU,Hopewell Furnace National Historic Site,https://en.wikipedia.org/wiki/Hopewell_Furnace_National_Historic_Site,https://www.nps.gov/HOFU/index.htm,848.0,40.19861,-75.77556
HOME,Homestead National Historical Park,https://en.wikipedia.org/wiki/Homestead_National_Historical_Park,https://www.nps.gov/HOME/index.htm,211.0,40.28528,-96.82194
HONO,Honouliuli National Historic Site,https://en.wikipedia.org/wiki/Honouliuli_National_Historic_Site,https://www.nps.gov/HONO/index.htm,122.5,21.39167,-158.05972
HOSP,Hot Springs National Park,https://en.wikipedia.org/wiki/Hot_Springs_National_Park,https://www.nps.gov/HOSP/index.htm,5550.0,34.51361,-93.05361
HOVE,Hovenweep National Monument,https://en.wikipedia.org/wiki/Hovenweep_National_Monument,https://www.nps.gov/HOVE/index.htm,784.0,37.38389,-109.07722
HSTR,Harry S Truman National Historic Site,https://en.wikipedia.org/wiki/Harry_S_Truman_National_Historic_Site,https://www.nps.gov/HSTR/index.htm,0.8,39.09333,-94.42306
HUTR,Hubbell Trading Post National Historic Site,https://en.wikipedia.org/wiki/Hubbell_Trading_Post_National_Historic_Site,https://www.nps.gov/HUTR/index.htm,160.0,35.72389,-109.56
IATR,Ice Age National Scenic Trail,https://en.wikipedia.org/wiki/Ice_Age_National_Scenic_Trail,https://www.nps.gov/IATR/index.htm,,,
INDE,Independence National Historical Park,https://en.wikipedia.org/wiki/Independence_National_Historical_Park,https://www.nps.gov/INDE/index.htm,55.42,39.947778,-75.148056
INDU,Indiana Dunes National Park,https://en.wikipedia.org/wiki/Indiana_Dunes_National_Park,https://www.nps.gov/INDU/index.htm,15349.0,41.64806,-87.10806
ISRO,Isle Royale National Park,https://en.wikipedia.org/wiki/Isle_Royale_National_Park,https://www.nps.gov/ISRO/index.htm,571790.0,48.01,-88.85
JAGA,James A Garfield National Historic Site,https://en.wikipedia.org/wiki/James_A_Garfield_National_Historic_Site,https://www.nps.gov/JAGA/index.htm,4.9,41.66396,-81.350907
JAZZ,New Orleans Jazz National Historical Park,https://en.wikipedia.org/wiki/New_Orleans_Jazz_National_Historical_Park,https://www.nps.gov/JAZZ/index.htm,4.0,29.96306,-90.06806
JECA,Jewel Cave National Monument,https://en.wikipedia.org/wiki/Jewel_Cave_National_Monument,https://www.nps.gov/JECA/index.htm,1273.0,43.72944,-103.82944
JEFF,Gateway Arch National Park,https://en.wikipedia.org/wiki/Gateway_Arch_National_Park,https://www.nps.gov/JEFF/index.htm,192.83,38.6246,-90.18497
JEFM,Thomas Jefferson Memorial,https://en.wikipedia.org/wiki/Thomas_Jefferson_Memorial,https://www.nps.gov/JEFM/index.htm,18.36,38.88139,-77.036528
JELA,Jean Lafitte National Historical Park and Preserve,https://en.wikipedia.org/wiki/Jean_Lafitte_National_Historical_Park_and_Preserve,https://www.nps.gov/JELA/index.htm,25876.0,29.9425,-89.99417
JICA,Jimmy Carter National Historical Park,https://en.wikipedia.org/wiki/Jimmy_Carter_National_Historical_Park,https://www.nps.gov/JICA/index.htm,71.0,32.0304393,-84.4182473
JODA,John Day Fossil Beds National Monument,https://en.wikipedia.org/wiki/John_Day_Fossil_Beds_National_Monument,https://www.nps.gov/JODA/index.htm,14062.0,44.55583,-119.64528
JODR,John D. Rockefeller Jr. Memorial Parkway,https://en.wikipedia.org/wiki/John_D._Rockefeller_Jr._Memorial_Parkway,https://www.nps.gov/JODR/index.htm,24000.0,44.10472,-110.69278
JOFI,John Fitzgerald Kennedy National Historic Site,https://en.wikipedia.org/wiki/John_Fitzgerald_Kennedy_National_Historic_Site,https://www.nps.gov/JOFI/index.htm,0.09,42.34694,-71.12333
JOFK,John F. Kennedy Memorial Center for the Performing Arts,https://en.wikipedia.org/wiki/John_F._Kennedy_Memorial_Center_for_the_Performing_Arts,https://www.nps.gov/JOFK/index.htm,,38.8957,-77.0559
JOFL,Johnstown Flood National Memorial,https://en.wikipedia.org/wiki/Johnstown_Flood_National_Memorial,https://www.nps.gov/JOFL/index.htm,164.12,40.34556,-78.77861
JOMU,John Muir National Historic Site,https://en.wikipedia.org/wiki/John_Muir_National_Historic_Site,https://www.nps.gov/JOMU/index.htm,345.0,37.991311,-122.133298
JOTR,Joshua Tree National Park,https://en.wikipedia.org/wiki/Joshua_Tree_National_Park,https://www.nps.gov/JOTR/index.htm,795156.0,34.1,-116.27
KAHO,Kaloko-Honokōhau National Historical Park,https://en.wikipedia.org/wiki/Kaloko-Honokohau_National_Historical_Park,https://www.nps.gov/KAHO/index.htm,1161.0,19.6787,-156.022
KALA,Kalaupapa National Historical Park,https://en.wikipedia.org/wiki/Kalaupapa_National_Historical_Park,https://www.nps.gov/KALA/index.htm,10779.0,21.17778,-156.96
KATM,Katmai National Park & Preserve,https://en.wikipedia.org/wiki/Katmai_National_Park_and_Preserve,https://www.nps.gov/KATM/index.htm,4093077.0,58.5,-155.0
KAWW,Katahdin Woods and Waters National Monument,https://en.wikipedia.org/wiki/Katahdin_Woods_and_Waters_National_Monument,https://www.nps.gov/KAWW/index.htm,87563.0,45.970362,-68.619336
KEFJ,Kenai Fjords National Park,https://en.wikipedia.org/wiki/Kenai_Fjords_National_Park,https://www.nps.gov/KEFJ/index.htm,669984.0,59.91778,-149.9875
KEMO,Kennesaw Mountain National Battlefield Park,https://en.wikipedia.org/wiki/Kennesaw_Mountain_National_Battlefield_Park,https://www.nps.gov/KEMO/index.htm,2913.63,33.98306,-84.57806
KEWE,Keweenaw National Historical Park,https://en.wikipedia.org/wiki/Keweenaw_National_Historical_Park,https://www.nps.gov/KEWE/index.htm,1869.0,47.15639,-88.56361
KICA,Kings Canyon National Park,https://en.wikipedia.org/wiki/Kings_Canyon_National_Park,https://www.nps.gov/KICA/index.htm,461901.0,36.78928,-118.67286
KIMO,Kings Mountain National Military Park,https://en.wikipedia.org/wiki/Kings_Mountain_National_Military_Park,https://www.nps.gov/KIMO/index.htm,3945.0,35.13778,-81.38944
KLGO,Klondike Gold Rush National Historical Park,https://en.wikipedia.org/wiki/Klondike_Gold_Rush_National_Historical_Park,https://www.nps.gov/KLGO/index.htm,12996.0,59.57537,-135.26367
KLSE,Klondike Gold Rush-Seattle Unit National Historical Park,https://en.wikipedia.org/wiki/Klondike_Gold_Rush-Seattle_Unit_National_Historical_Park,https://www.nps.gov/KLSE/index.htm,12996.0,59.57537,-135.26367
KNRI,Knife River Indian Villages National Historic Site,https://en.wikipedia.org/wiki/Knife_River_Indian_Villages_National_Historic_Site,https://www.nps.gov/KNRI/index.htm,1758.0,47.35417,-101.38583
KOVA,Kobuk Valley National Park,https://en.wikipedia.org/wiki/Kobuk_Valley_National_Park,https://www.nps.gov/KOVA/index.htm,1750716.0,67.55,-159.283
KOWA,Korean War Veterans Memorial,https://en.wikipedia.org/wiki/Korean_War_Veterans_Memorial,https://www.nps.gov/KOWA/index.htm,2.2,38.88778,-77.04722
LABE,Lava Beds National Monument,https://en.wikipedia.org/wiki/Lava_Beds_National_Monument,https://www.nps.gov/LABE/index.htm,46692.0,41.71389,-121.50833
LACH,Lake Chelan National Recreation Area,https://en.wikipedia.org/wiki/Lake_Chelan_National_Recreation_Area,https://www.nps.gov/LACH/index.htm,61958.0,48.32194,-120.67833
LACL,Lake Clark National Park & Preserve,https://en.wikipedia.org/wiki/Lake_Clark_National_Park_and_Preserve,https://www.nps.gov/LACL/index.htm,4030015.0,60.967,-153.417
LAKE,Lake Mead National Recreation Area,https://en.wikipedia.org/wiki/Lake_Mead_National_Recreation_Area,https://www.nps.gov/LAKE/index.htm,1495806.0,36.00972,-114.79667
LAMR,Lake Meredith National Recreation Area,https://en.wikipedia.org/wiki/Lake_Meredith_National_Recreation_Area,https://www.nps.gov/LAMR/index.htm,44978.0,35.71472,-101.55278
LARO,Lake Roosevelt National Recreation Area,https://en.wikipedia.org/wiki/Lake_Roosevelt_National_Recreation_Area,https://www.nps.gov/LARO/index.htm,100390.0,48.10743,-118.21289
LAVO,Lassen Volcanic National Park,https://en.wikipedia.org/wiki/Lassen_Volcanic_National_Park,https://www.nps.gov/LAVO/index.htm,106452.0,40.49806,-121.4275
LEWI,Lewis and Clark National Historical Park,https://en.wikipedia.org/wiki/Lewis_and_Clark_National_Historical_Park,https://www.nps.gov/LEWI/index.htm,3303.0,46.13361,-123.8775
LIBI,Little Bighorn Battlefield National Monument,https://en.wikipedia.org/wiki/Little_Bighorn_Battlefield_National_Monument,https://www.nps.gov/LIBI/index.htm,765.34,45.57028,-107.4275
LIBO,Lincoln Boyhood National Memorial,https://en.wikipedia.org/wiki/Lincoln_Boyhood_National_Memorial,https://www.nps.gov/LIBO/index.htm,200.0,38.11833,-86.99694
LIHO,Lincoln Home National Historic Site,https://en.wikipedia.org/wiki/Lincoln_Home_National_Historic_Site,https://www.nps.gov/LIHO/index.htm,12.24,39.79722,-89.645
LINC,Lincoln Memorial,https://en.wikipedia.org/wiki/Lincoln_Memorial,https://www.nps.gov/LINC/index.htm,7.29,38.889278,-77.050139
LIRI,Little River Canyon National Preserve,https://en.wikipedia.org/wiki/Little_River_Canyon_National_Preserve,https://www.nps.gov/LIRI/index.htm,15288.0,34.44056,-85.59556
LONG,Longfellow House Washington's Headquarters National Historic Site,https://en.wikipedia.org/wiki/Longfellow_House_Washington's_Headquarters_National_Historic_Site,https://www.nps.gov/LONG/index.htm,2.0,42.37667,-71.12639
LOWE,Lowell National Historical Park,https://en.wikipedia.org/wiki/Lowell_National_Historical_Park,https://www.nps.gov/LOWE/index.htm,141.0,42.64667,-71.31028
LYBA,LBJ Memorial Grove on the Potomac,https://en.wikipedia.org/wiki/LBJ_Memorial_Grove_on_the_Potomac,https://www.nps.gov/LYBA/index.htm,17.0,38.87861,-77.05139
LYJO,Lyndon B Johnson National Historical Park,https://en.wikipedia.org/wiki/Lyndon_B_Johnson_National_Historical_Park,https://www.nps.gov/LYJO/index.htm,1571.0,30.24083,-98.62417
MABI,Marsh-Billings-Rockefeller National Historical Park,https://en.wikipedia.org/wiki/Marsh-Billings-Rockefeller_National_Historical_Park,https://www.nps.gov/MABI/index.htm,643.0,43.6312462,-72.5293562
MACA,Mammoth Cave National Park,https://en.wikipedia.org/wiki/Mammoth_Cave_National_Park,https://www.nps.gov/MACA/index.htm,52830.0,37.18694,-86.10111
MALU,"Martin Luther King, Jr. National Historical Park","https://en.wikipedia.org/wiki/Martin_Luther_King,_Jr._National_Historical_Park",https://www.nps.gov/MALU/index.htm,34.47,33.755,-84.37222
MAMC,Mary McLeod Bethune Council House National Historic Site,https://en.wikipedia.org/wiki/Mary_McLeod_Bethune_Council_House_National_Historic_Site,https://www.nps.gov/MAMC/index.htm,0.07,38.90778,-77.03028
MANA,Manassas National Battlefield Park,https://en.wikipedia.org/wiki/Manassas_National_Battlefield_Park,https://www.nps.gov/MANA/index.htm,5073.0,38.81278,-77.52167
MANZ,Manzanar National Historic Site,https://en.wikipedia.org/wiki/Manzanar_National_Historic_Site,https://www.nps.gov/MANZ/index.htm,814.0,36.72833,-118.15444
MAPR,Manhattan Project National Historical Park,https://en.wikipedia.org/wiki/Manhattan_Project_National_Historical_Park,https://www.nps.gov/MAPR/index.htm,,35.93694,-84.39444
MAVA,Martin Van Buren National Historic Site,https://en.wikipedia.org/wiki/Martin_Van_Buren_National_Historic_Site,https://www.nps.gov/MAVA/index.htm,125.0,42.3697056,-73.7042056
MAWA,Maggie L Walker National Historic Site,https://en.wikipedia.org/wiki/Maggie_L_Walker_National_Historic_Site,https://www.nps.gov/MAWA/index.htm,1.29,37.54778,-77.43806
MEMY,Medgar and Myrlie Evers Home National Monument,https://en.wikipedia.org/wiki/Medgar_and_Myrlie_Evers_Home_National_Monument,https://www.nps.gov/MEMY/index.htm,0.14,32.34097,-90.21265
MEVE,Mesa Verde National Park,https://en.wikipedia.org/wiki/Mesa_Verde_National_Park,https://www.nps.gov/MEVE/index.htm,52485.0,37.1838,-108.4887
MIIN,Minidoka National Historic Site,https://en.wikipedia.org/wiki/Minidoka_National_Historic_Site,https://www.nps.gov/MIIN/index.htm,210.0,42.67861,-114.24417
MIMA,Minute Man National Historical Park,https://en.wikipedia.org/wiki/Minute_Man_National_Historical_Park,https://www.nps.gov/MIMA/index.htm,967.0,42.45306,-71.29861
MIMI,Minuteman Missile National Historic Site,https://en.wikipedia.org/wiki/Minuteman_Missile_National_Historic_Site,https://www.nps.gov/MIMI/index.htm,43.8,43.93111,-102.16056
MISP,Mill Springs Battlefield National Monument,https://en.wikipedia.org/wiki/Mill_Springs_Battlefield_National_Monument,https://www.nps.gov/MISP/index.htm,1459.19,37.06889,-84.73611
MISS,Mississippi National River & Recreation Area,https://en.wikipedia.org/wiki/Mississippi_National_River_and_Recreation_Area,https://www.nps.gov/MISS/index.htm,53775.0,44.8732995,-93.018826
MLKM,"Martin Luther King, Jr. Memorial","https://en.wikipedia.org/wiki/Martin_Luther_King,_Jr._Memorial",https://www.nps.gov/MLKM/index.htm,,38.88611,-77.04417
MNRR,Missouri National Recreational River,https://en.wikipedia.org/wiki/Missouri_National_Recreational_River,https://www.nps.gov/MNRR/index.htm,33800.0,42.8625,-97.39278
MOCA,Montezuma Castle National Monument,https://en.wikipedia.org/wiki/Montezuma_Castle_National_Monument,https://www.nps.gov/MOCA/index.htm,859.27,34.61111,-111.83667
MOCR,Moores Creek National Battlefield,https://en.wikipedia.org/wiki/Moores_Creek_National_Battlefield,https://www.nps.gov/MOCR/index.htm,88.0,34.458222,-78.110306
MOJA,Mojave National Preserve,https://en.wikipedia.org/wiki/Mojave_National_Preserve,https://www.nps.gov/MOJA/index.htm,1542776.0,34.883,-115.717
MONO,Monocacy National Battlefield,https://en.wikipedia.org/wiki/Monocacy_National_Battlefield,https://www.nps.gov/MONO/index.htm,1647.0,39.37115,-77.39208
MORA,Mount Rainier National Park,https://en.wikipedia.org/wiki/Mount_Rainier_National_Park,https://www.nps.gov/MORA/index.htm,236381.0,46.85,-121.75
MORR,Morristown National Historical Park,https://en.wikipedia.org/wiki/Morristown_National_Historical_Park,https://www.nps.gov/MORR/index.htm,1711.0,40.79639,-74.46667
MORU,Mount Rushmore National Memorial,https://en.wikipedia.org/wiki/Mount_Rushmore_National_Memorial,https://www.nps.gov/MORU/index.htm,1278.0,43.87889,-103.45972
MUWO,Muir Woods National Monument,https://en.wikipedia.org/wiki/Muir_Woods_National_Monument,https://www.nps.gov/MUWO/index.htm,554.0,37.89194,-122.57083
NABR,Natural Bridges National Monument,https://en.wikipedia.org/wiki/Natural_Bridges_National_Monument,https://www.nps.gov/NABR/index.htm,7636.0,37.6013829,-110.0137437
NATC,Natchez National Historical Park,https://en.wikipedia.org/wiki/Natchez_National_Historical_Park,https://www.nps.gov/NATC/index.htm,108.07,31.54333,-91.38306
NATR,Natchez Trace Parkway,https://en.wikipedia.org/wiki/Natchez_Trace_Parkway,https://www.nps.gov/NATR/index.htm,52302.0,,
NAVA,Navajo National Monument,https://en.wikipedia.org/wiki/Navajo_National_Monument,https://www.nps.gov/NAVA/index.htm,360.0,36.6783318,-110.540972
NCPC,National Mall and Memorial Parks,https://en.wikipedia.org/wiki/National_Mall_and_Memorial_Parks,https://www.nps.gov/NCPC/index.htm,6546.92,38.89,-77.02278
NCPE,National Capital Parks-East,https://en.wikipedia.org/wiki/National_Capital_Parks-East,https://www.nps.gov/NCPE/index.htm,6546.92,38.87833,-76.96917
NEBE,New Bedford Whaling National Historical Park,https://en.wikipedia.org/wiki/New_Bedford_Whaling_National_Historical_Park,https://www.nps.gov/NEBE/index.htm,34.0,41.63556,-70.92333
NEPE,Nez Perce National Historical Park,https://en.wikipedia.org/wiki/Nez_Perce_National_Historical_Park,https://www.nps.gov/NEPE/index.htm,4561.0,46.447,-116.823
NEPH,New Philadelphia National Historic Site,https://en.wikipedia.org/wiki/New_Philadelphia_National_Historic_Site,https://www.nps.gov/NEPH/index.htm,42.0,39.69583,-90.95972
NERI,New River Gorge National Park & Preserve,https://en.wikipedia.org/wiki/New_River_Gorge_National_Park_and_Preserve,https://www.nps.gov/NERI/index.htm,72808.0,37.96083,-81.08167
NICO,Nicodemus National Historic Site,https://en.wikipedia.org/wiki/Nicodemus_National_Historic_Site,https://www.nps.gov/NICO/index.htm,161.0,39.39083,-99.6175
NIOB,Niobrara National Scenic River,https://en.wikipedia.org/wiki/Niobrara_National_Scenic_River,https://www.nps.gov/NIOB/index.htm,23074.0,42.883,-100.317
NISI,Ninety Six National Historic Site,https://en.wikipedia.org/wiki/Ninety_Six_National_Historic_Site,https://www.nps.gov/NISI/index.htm,1022.0,34.14694,-82.02444
NOAT,Noatak National Preserve,https://en.wikipedia.org/wiki/Noatak_National_Preserve,https://www.nps.gov/NOAT/index.htm,6569904.0,68.0,-159.5
NOCA,North Cascades National Park,https://en.wikipedia.org/wiki/North_Cascades_National_Park,https://www.nps.gov/NOCA/index.htm,504654.0,48.83278,-121.3475
NPSA,National Park of American Samoa,https://en.wikipedia.org/wiki/National_Park_of_American_Samoa,https://www.nps.gov/NPSA/index.htm,8256.67,-14.25833,-170.68333
OBRI,Obed Wild and Scenic River,https://en.wikipedia.org/wiki/Obed_Wild_and_Scenic_River,https://www.nps.gov/OBRI/index.htm,,,
OCMU,Ocmulgee Mounds National Historical Park,https://en.wikipedia.org/wiki/Ocmulgee_Mounds_National_Historical_Park,https://www.nps.gov/OCMU/index.htm,3336.0,32.83667,-83.60833
OKCI,Oklahoma City National Memorial,https://en.wikipedia.org/wiki/Oklahoma_City_National_Memorial,https://www.nps.gov/OKCI/index.htm,3.3,35.47278,-97.51722
OLYM,Olympic National Park,https://en.wikipedia.org/wiki/Olympic_National_Park,https://www.nps.gov/OLYM/index.htm,922650.0,47.96935,-123.49856
ORCA,Oregon Caves National Monument & Preserve,https://en.wikipedia.org/wiki/Oregon_Caves_National_Monument_and_Preserve,https://www.nps.gov/ORCA/index.htm,4554.0,42.09556,-123.40583
ORPI,Organ Pipe Cactus National Monument,https://en.wikipedia.org/wiki/Organ_Pipe_Cactus_National_Monument,https://www.nps.gov/ORPI/index.htm,330688.0,31.954,-112.801
OZAR,Ozark National Scenic Riverways,https://en.wikipedia.org/wiki/Ozark_National_Scenic_Riverways,https://www.nps.gov/OZAR/index.htm,80000.0,37.1907,-91.2763
PAAL,Palo Alto Battlefield National Historical Park,https://en.wikipedia.org/wiki/Palo_Alto_Battlefield_National_Historical_Park,https://www.nps.gov/PAAL/index.htm,3357.42,26.02139,-97.48056
PAAV,Pennsylvania Avenue National Historic Site,https://en.wikipedia.org/wiki/Pennsylvania_Avenue_National_Historic_Site,https://www.nps.gov/PAAV/index.htm,20.6,38.89361,-77.02389
PAGR,Paterson Great Falls National Historical Park,https://en.wikipedia.org/wiki/Paterson_Great_Falls_National_Historical_Park,https://www.nps.gov/PAGR/index.htm,36.3,40.91611,-74.18167
PAIS,Padre Island National Seashore,https://en.wikipedia.org/wiki/Padre_Island_National_Seashore,https://www.nps.gov/PAIS/index.htm,130434.0,26.98444,-97.38056
PECO,Pecos National Historical Park,https://en.wikipedia.org/wiki/Pecos_National_Historical_Park,https://www.nps.gov/PECO/index.htm,6671.4,35.55,-105.68444
PEFO,Petrified Forest National Park,https://en.wikipedia.org/wiki/Petrified_Forest_National_Park,https://www.nps.gov/PEFO/index.htm,221391.0,35.08806,-109.80639
PERI,Pea Ridge National Military Park,https://en.wikipedia.org/wiki/Pea_Ridge_National_Military_Park,https://www.nps.gov/PERI/index.htm,4300.0,36.45417,-94.034694
PERL,Pearl Harbor National Memorial,https://en.wikipedia.org/wiki/Pearl_Harbor_National_Memorial,https://www.nps.gov/PERL/index.htm,21.3,21.3670944,-157.9385722
PETE,Petersburg National Battlefield,https://en.wikipedia.org/wiki/Petersburg_National_Battlefield,https://www.nps.gov/PETE/index.htm,9368.0,37.21944,-77.36139
PETR,Petroglyph National Monument,https://en.wikipedia.org/wiki/Petroglyph_National_Monument,https://www.nps.gov/PETR/index.htm,7532.0,35.13583,-106.76194
PEVI,Perry's Victory & International Peace Memorial,https://en.wikipedia.org/wiki/Perry's_Victory_and_International_Peace_Memorial,https://www.nps.gov/PEVI/index.htm,25.38,41.65417,-82.81139
PINN,Pinnacles National Park,https://en.wikipedia.org/wiki/Pinnacles_National_Park,https://www.nps.gov/PINN/index.htm,26606.0,36.48694,-121.16694
PIPE,Pipestone National Monument,https://en.wikipedia.org/wiki/Pipestone_National_Monument,https://www.nps.gov/PIPE/index.htm,281.78,44.01333,-96.325
PIRO,Pictured Rocks National Lakeshore,https://en.wikipedia.org/wiki/Pictured_Rocks_National_Lakeshore,https://www.nps.gov/PIRO/index.htm,73236.0,46.56222,-86.3125
PISC,Piscataway Park,https://en.wikipedia.org/wiki/Piscataway_Park,https://www.nps.gov/PISC/index.htm,4216.5,38.67861,-77.09278
PISP,Pipe Spring National Monument,https://en.wikipedia.org/wiki/Pipe_Spring_National_Monument,https://www.nps.gov/PISP/index.htm,40.0,36.8625,-112.7375
POCH,Port Chicago Naval Magazine National Memorial,https://en.wikipedia.org/wiki/Port_Chicago_Naval_Magazine_National_Memorial,https://www.nps.gov/POCH/index.htm,5.0,38.0575,-122.02972
PORE,Point Reyes National Seashore,https://en.wikipedia.org/wiki/Point_Reyes_National_Seashore,https://www.nps.gov/PORE/index.htm,71028.0,38.067,-122.883
PRPA,President's Park,https://en.wikipedia.org/wiki/President's_Park,https://www.nps.gov/PRPA/index.htm,77.48,38.89611,-77.03667
PRWI,Prince William Forest Park,https://en.wikipedia.org/wiki/Prince_William_Forest_Park,https://www.nps.gov/PRWI/index.htm,16084.0,38.58528,-77.37972
PUHE,Puʻukoholā Heiau National Historic Site,https://en.wikipedia.org/wiki/Puukohola_Heiau_National_Historic_Site,https://www.nps.gov/PUHE/index.htm,76.6,20.02667,-155.82
PUHO,Puʻuhonua o Hōnaunau National Historical Park,https://en.wikipedia.org/wiki/Puuhonua_o_Honaunau_National_Historical_Park,https://www.nps.gov/PUHO/index.htm,420.0,19.42194,-155.91028
PULL,Pullman National Historical Park,https://en.wikipedia.org/wiki/Pullman_National_Historical_Park,https://www.nps.gov/PULL/index.htm,0.4,41.69722,-87.60944
RABR,Rainbow Bridge National Monument,https://en.wikipedia.org/wiki/Rainbow_Bridge_National_Monument,https://www.nps.gov/RABR/index.htm,160.0,37.07722,-110.96417
REDW,Redwood National and State Parks,https://en.wikipedia.org/wiki/Redwood_National_and_State_Parks,https://www.nps.gov/REDW/index.htm,139091.0,41.3,-124.0
REER,Reconstruction Era National Historical Park,https://en.wikipedia.org/wiki/Reconstruction_Era_National_Historical_Park,https://www.nps.gov/REER/index.htm,64.99,32.4325,-80.67056
RICH,Richmond National Battlefield Park,https://en.wikipedia.org/wiki/Richmond_National_Battlefield_Park,https://www.nps.gov/RICH/index.htm,8168.87,37.42917,-77.37361
RIGR,Rio Grande Wild & Scenic River,https://en.wikipedia.org/wiki/Rio_Grande_Wild_and_Scenic_River,https://www.nps.gov/RIGR/index.htm,9600.0,29.48333,-103.3
RIRA,River Raisin National Battlefield Park,https://en.wikipedia.org/wiki/River_Raisin_National_Battlefield_Park,https://www.nps.gov/RIRA/index.htm,42.18,41.91361,-83.37833
ROCR,Rock Creek Park,https://en.wikipedia.org/wiki/Rock_Creek_Park,https://www.nps.gov/ROCR/index.htm,1755.0,38.9575,-77.045
ROLA,Ross Lake National Recreation Area,https://en.wikipedia.org/wiki/Ross_Lake_National_Recreation_Area,https://www.nps.gov/ROLA/index.htm,117575.0,48.67306,-121.24528
ROMO,Rocky Mountain National Park,https://en.wikipedia.org/wiki/Rocky_Mountain_National_Park,https://www.nps.gov/ROMO/index.htm,265461.0,40.3466,-105.7364
RORI,Rosie the Riveter WWII Home Front National Historical Park,https://en.wikipedia.org/wiki/Rosie_the_Riveter_WWII_Home_Front_National_Historical_Park,https://www.nps.gov/RORI/index.htm,145.0,37.9095444,-122.3573556
ROWI,Roger Williams National Memorial,https://en.wikipedia.org/wiki/Roger_Williams_National_Memorial,https://www.nps.gov/ROWI/index.htm,4.56,41.83038,-71.41089
RUCA,Russell Cave National Monument,https://en.wikipedia.org/wiki/Russell_Cave_National_Monument,https://www.nps.gov/RUCA/index.htm,310.0,34.9766194,-85.81425
SAAN,San Antonio Missions National Historical Park,https://en.wikipedia.org/wiki/San_Antonio_Missions_National_Historical_Park,https://www.nps.gov/SAAN/index.htm,948.0,29.36167,-98.48028
SACN,Saint Croix National Scenic Riverway,https://en.wikipedia.org/wiki/Saint_Croix_National_Scenic_Riverway,https://www.nps.gov/SACN/index.htm,67469.74,45.415917,-92.646556
SACR,Saint Croix Island International Historic Site,https://en.wikipedia.org/wiki/Saint_Croix_Island_International_Historic_Site,https://www.nps.gov/SACR/index.htm,6.5,45.12833,-67.13306
SAFR,San Francisco Maritime National Historical Park,https://en.wikipedia.org/wiki/San_Francisco_Maritime_National_Historical_Park,https://www.nps.gov/SAFR/index.htm,50.0,37.80639,-122.42361
SAGA,Saint-Gaudens National Historical Park,https://en.wikipedia.org/wiki/Saint-Gaudens_National_Historical_Park,https://www.nps.gov/SAGA/index.htm,370.0,43.50083,-72.36806
SAGU,Saguaro National Park,https://en.wikipedia.org/wiki/Saguaro_National_Park,https://www.nps.gov/SAGU/index.htm,91716.0,32.17917,-110.73694
SAHI,Sagamore Hill National Historic Site,https://en.wikipedia.org/wiki/Sagamore_Hill_National_Historic_Site,https://www.nps.gov/SAHI/index.htm,83.02,40.88556,-73.4975
SAIR,Saugus Iron Works National Historic Site,https://en.wikipedia.org/wiki/Saugus_Iron_Works_National_Historic_Site,https://www.nps.gov/SAIR/index.htm,9.0,42.46861,-71.00889
SAJH,San Juan Island National Historical Park,https://en.wikipedia.org/wiki/San_Juan_Island_National_Historical_Park,https://www.nps.gov/SAJH/index.htm,2141.0,48.45583,-122.98556
SAJU,San Juan National Historic Site,https://en.wikipedia.org/wiki/San_Juan_National_Historic_Site,https://www.nps.gov/SAJU/index.htm,75.13,18.4675,-66.11028
SAMA,Salem Maritime National Historic Site,https://en.wikipedia.org/wiki/Salem_Maritime_National_Historic_Site,https://www.nps.gov/SAMA/index.htm,9.0,42.52056,-70.88722
SAMO,Santa Monica Mountains National Recreation Area,https://en.wikipedia.org/wiki/Santa_Monica_Mountains_National_Recreation_Area,https://www.nps.gov/SAMO/index.htm,157700.0,34.10389,-118.6025
SAND,Sand Creek Massacre National Historic Site,https://en.wikipedia.org/wiki/Sand_Creek_Massacre_National_Historic_Site,https://www.nps.gov/SAND/index.htm,12583.0,38.54083,-102.52861
SAPA,Saint Paul's Church National Historic Site,https://en.wikipedia.org/wiki/Saint_Paul's_Church_National_Historic_Site,https://www.nps.gov/SAPA/index.htm,6.0,40.89278,-73.82583
SAPU,Salinas Pueblo Missions National Monument,https://en.wikipedia.org/wiki/Salinas_Pueblo_Missions_National_Monument,https://www.nps.gov/SAPU/index.htm,1076.9,34.25972,-106.09028
SARA,Saratoga National Historical Park,https://en.wikipedia.org/wiki/Saratoga_National_Historical_Park,https://www.nps.gov/SARA/index.htm,3392.0,42.99889,-73.6375
SARI,Salt River Bay National Historical Park and Ecological Preserve,https://en.wikipedia.org/wiki/Salt_River_Bay_National_Historical_Park_and_Ecological_Preserve,https://www.nps.gov/SARI/index.htm,985.76,17.77472,-64.75583
SCBL,Scotts Bluff National Monument,https://en.wikipedia.org/wiki/Scotts_Bluff_National_Monument,https://www.nps.gov/SCBL/index.htm,3005.0,41.83472,-103.70722
SEQU,Sequoia National Park,https://en.wikipedia.org/wiki/Sequoia_National_Park,https://www.nps.gov/SEQU/index.htm,404064.0,36.56472,-118.77278
SHEN,Shenandoah National Park,https://en.wikipedia.org/wiki/Shenandoah_National_Park,https://www.nps.gov/SHEN/index.htm,200445.92,38.533,-78.35
SHIL,Shiloh National Military Park,https://en.wikipedia.org/wiki/Shiloh_National_Military_Park,https://www.nps.gov/SHIL/index.htm,9324.0,35.13667,-88.34056
SITK,Sitka National Historical Park,https://en.wikipedia.org/wiki/Sitka_National_Historical_Park,https://www.nps.gov/SITK/index.htm,112.0,57.04888,-135.31596
SLBE,Sleeping Bear Dunes National Lakeshore,https://en.wikipedia.org/wiki/Sleeping_Bear_Dunes_National_Lakeshore,https://www.nps.gov/SLBE/index.htm,71199.0,44.85,-86.05
SPAR,Springfield Armory National Historic Site,https://en.wikipedia.org/wiki/Springfield_Armory_National_Historic_Site,https://www.nps.gov/SPAR/index.htm,54.93,42.10806,-72.58167
SPRA,Springfield 1908 Race Riot National Monument,https://en.wikipedia.org/wiki/Springfield_1908_Race_Riot_National_Monument,https://www.nps.gov/SPRA/index.htm,,39.80472,-89.64194
STEA,Steamtown National Historic Site,https://en.wikipedia.org/wiki/Steamtown_National_Historic_Site,https://www.nps.gov/STEA/index.htm,62.48,41.40733,-75.67132
STGE,Ste. Geneviève National Historical Park,https://en.wikipedia.org/wiki/Ste._Genevieve_National_Historical_Park,https://www.nps.gov/STGE/index.htm,,37.97696,-90.048672
STLI,Statue Of Liberty National Monument,https://en.wikipedia.org/wiki/Statue_Of_Liberty_National_Monument,https://www.nps.gov/STLI/index.htm,60.86,40.69417,-74.04306
STON,Stonewall National Monument,https://en.wikipedia.org/wiki/Stonewall_National_Monument,https://www.nps.gov/STON/index.htm,7.7,40.73387194,-74.002175
STRI,Stones River National Battlefield,https://en.wikipedia.org/wiki/Stones_River_National_Battlefield,https://www.nps.gov/STRI/index.htm,709.49,35.87611,-86.43083
SUCR,Sunset Crater Volcano National Monument,https://en.wikipedia.org/wiki/Sunset_Crater_Volcano_National_Monument,https://www.nps.gov/SUCR/index.htm,3138.0,35.36444,-111.50361
TAPR,Tallgrass Prairie National Preserve,https://en.wikipedia.org/wiki/Tallgrass_Prairie_National_Preserve,https://www.nps.gov/TAPR/index.htm,10882.0,38.43278,-96.55889
THIS,Theodore Roosevelt Island,https://en.wikipedia.org/wiki/Theodore_Roosevelt_Island,https://www.nps.gov/THIS/index.htm,88.5,38.89722,-77.06417
THKO,Thaddeus Kosciuszko National Memorial,https://en.wikipedia.org/wiki/Thaddeus_Kosciuszko_National_Memorial,https://www.nps.gov/THKO/index.htm,0.02,39.943438,-75.147276
THRB,Theodore Roosevelt Birthplace National Historic Site,https://en.wikipedia.org/wiki/Theodore_Roosevelt_Birthplace_National_Historic_Site,https://www.nps.gov/THRB/index.htm,0.11,40.738806,-73.98889
THRI,Theodore Roosevelt Inaugural National Historic Site,https://en.wikipedia.org/wiki/Theodore_Roosevelt_Inaugural_National_Historic_Site,https://www.nps.gov/THRI/index.htm,1.03,42.901472,-78.872417
THRO,Theodore Roosevelt National Park,https://en.wikipedia.org/wiki/Theodore_Roosevelt_National_Park,https://www.nps.gov/THRO/index.htm,70446.0,46.967,-103.45
THST,Thomas Stone National Historic Site,https://en.wikipedia.org/wiki/Thomas_Stone_National_Historic_Site,https://www.nps.gov/THST/index.htm,360.0,38.531167,-77.03925
TICA,Timpanogos Cave National Monument,https://en.wikipedia.org/wiki/Timpanogos_Cave_National_Monument,https://www.nps.gov/TICA/index.htm,250.0,40.44056,-111.70944
TILL,Emmett Till and Mamie Till-Mobley National Monument,https://en.wikipedia.org/wiki/Emmett_Till_and_Mamie_Till-Mobley_National_Monument,https://www.nps.gov/TILL/index.htm,5.7,33.86056,-90.27472
TIMU,Timucuan Ecological & Historic Preserve,https://en.wikipedia.org/wiki/Timucuan_Ecological_and_Historic_Preserve,https://www.nps.gov/TIMU/index.htm,46000.0,30.45445,-81.44988
TONT,Tonto National Monument,https://en.wikipedia.org/wiki/Tonto_National_Monument,https://www.nps.gov/TONT/index.htm,1120.0,33.65694,-111.09444
TUAI,Tuskegee Airmen National Historic Site,https://en.wikipedia.org/wiki/Tuskegee_Airmen_National_Historic_Site,https://www.nps.gov/TUAI/index.htm,89.68,32.45917,-85.68
TUIN,Tuskegee Institute National Historic Site,https://en.wikipedia.org/wiki/Tuskegee_Institute_National_Historic_Site,https://www.nps.gov/TUIN/index.htm,57.92,32.43028,-85.70778
TULE,Tule Lake National Monument,https://en.wikipedia.org/wiki/Tule_Lake_National_Monument,https://www.nps.gov/TULE/index.htm,,41.88944,-121.37472
TUMA,Tumacácori National Historical Park,https://en.wikipedia.org/wiki/Tumacacori_National_Historical_Park,https://www.nps.gov/TUMA/index.htm,360.0,31.5681465,-111.0506458
TUPE,Tupelo National Battlefield,https://en.wikipedia.org/wiki/Tupelo_National_Battlefield,https://www.nps.gov/TUPE/index.htm,1.0,34.255667,-88.737
TUSK,Tule Springs Fossil Beds National Monument,https://en.wikipedia.org/wiki/Tule_Springs_Fossil_Beds_National_Monument,https://www.nps.gov/TUSK/index.htm,22650.0,36.371,-115.306
TUZI,Tuzigoot National Monument,https://en.wikipedia.org/wiki/Tuzigoot_National_Monument,https://www.nps.gov/TUZI/index.htm,811.89,34.7708537,-112.0259912
ULSG,Ulysses S Grant National Historic Site,https://en.wikipedia.org/wiki/Ulysses_S_Grant_National_Historic_Site,https://www.nps.gov/ULSG/index.htm,9.9,38.55111,-90.35194
UPDE,Upper Delaware Scenic & Recreational River,https://en.wikipedia.org/wiki/Upper_Delaware_Scenic_and_Recreational_River,https://www.nps.gov/UPDE/index.htm,55575.0,41.64008,-75.05859
VAFO,Valley Forge National Historical Park,https://en.wikipedia.org/wiki/Valley_Forge_National_Historical_Park,https://www.nps.gov/VAFO/index.htm,3466.0,40.09694,-75.43889
VALL,Valles Caldera National Preserve,https://en.wikipedia.org/wiki/Valles_Caldera_National_Preserve,https://www.nps.gov/VALL/index.htm,89766.0,35.9,-106.533
VAMA,Vanderbilt Mansion National Historic Site,https://en.wikipedia.org/wiki/Vanderbilt_Mansion_National_Historic_Site,https://www.nps.gov/VAMA/index.htm,211.0,41.79611,-73.94194
VICK,Vicksburg National Military Park,https://en.wikipedia.org/wiki/Vicksburg_National_Military_Park,https://www.nps.gov/VICK/index.htm,2524.0,32.36528,-90.84222
VIIS,Virgin Islands National Park,https://en.wikipedia.org/wiki/Virgin_Islands_National_Park,https://www.nps.gov/VIIS/index.htm,14737.0,18.33333,-64.73333
VIVE,Vietnam Veterans Memorial,https://en.wikipedia.org/wiki/Vietnam_Veterans_Memorial,https://www.nps.gov/VIVE/index.htm,2.0,38.89111,-77.04778
VOYA,Voyageurs National Park,https://en.wikipedia.org/wiki/Voyageurs_National_Park,https://www.nps.gov/VOYA/index.htm,218200.0,48.5,-92.883
WABA,Washita Battlefield National Historic Site,https://en.wikipedia.org/wiki/Washita_Battlefield_National_Historic_Site,https://www.nps.gov/WABA/index.htm,7680.0,35.6175,-99.70028
WACA,Walnut Canyon National Monument,https://en.wikipedia.org/wiki/Walnut_Canyon_National_Monument,https://www.nps.gov/WACA/index.htm,3529.0,35.16583,-111.50194
WACO,Waco Mammoth National Monument,https://en.wikipedia.org/wiki/Waco_Mammoth_National_Monument,https://www.nps.gov/WACO/index.htm,5.0,31.606,-97.175
WAMO,Washington Monument,https://en.wikipedia.org/wiki/Washington_Monument,https://www.nps.gov/WAMO/index.htm,106.01,38.88944,-77.03528
WAPA,War In The Pacific National Historical Park,https://en.wikipedia.org/wiki/War_In_The_Pacific_National_Historical_Park,https://www.nps.gov/WAPA/index.htm,2037.0,13.4225083,144.6756611
WEFA,Weir Farm National Historical Park,https://en.wikipedia.org/wiki/Weir_Farm_National_Historical_Park,https://www.nps.gov/WEFA/index.htm,60.0,41.25806,-73.45472
WHHO,The White House and President's Park,https://en.wikipedia.org/wiki/The_White_House_and_President's_Park,https://www.nps.gov/WHHO/index.htm,77.48,38.89611,-77.03667
WHIS,Whiskeytown National Recreation Area,https://en.wikipedia.org/wiki/Whiskeytown_National_Recreation_Area,https://www.nps.gov/WHIS/index.htm,203587.0,40.62528,-122.55944
WHMI,Whitman Mission National Historic Site,https://en.wikipedia.org/wiki/Whitman_Mission_National_Historic_Site,https://www.nps.gov/WHMI/index.htm,138.53,46.04,-118.46139
WHSA,White Sands National Park,https://en.wikipedia.org/wiki/White_Sands_National_Park,https://www.nps.gov/WHSA/index.htm,145762.0,32.77917,-106.17194
WICA,Wind Cave National Park,https://en.wikipedia.org/wiki/Wind_Cave_National_Park,https://www.nps.gov/WICA/index.htm,33847.0,43.55635,-103.47865
WICL,President William Jefferson Clinton Birthplace Home National Historic Site,https://en.wikipedia.org/wiki/President_William_Jefferson_Clinton_Birthplace_Home_National_Historic_Site,https://www.nps.gov/WICL/index.htm,1.0,33.6671722,-93.5964889
WICR,Wilson's Creek National Battlefield,https://en.wikipedia.org/wiki/Wilson's_Creek_National_Battlefield,https://www.nps.gov/WICR/index.htm,2433.0,37.11556,-93.42
WIHO,William Howard Taft National Historic Site,https://en.wikipedia.org/wiki/William_Howard_Taft_National_Historic_Site,https://www.nps.gov/WIHO/index.htm,3.0,39.11972,-84.50861
WORI,Women's Rights National Historical Park,https://en.wikipedia.org/wiki/Women's_Rights_National_Historical_Park,https://www.nps.gov/WORI/index.htm,7.44,42.91083,-76.80139
WOTR,Wolf Trap National Park for the Performing Arts,https://en.wikipedia.org/wiki/Wolf_Trap_National_Park_for_the_Performing_Arts,https://www.nps.gov/WOTR/index.htm,130.0,38.93694,-77.26194
WRBR,Wright Brothers National Memorial,https://en.wikipedia.org/wiki/Wright_Brothers_National_Memorial,https://www.nps.gov/WRBR/index.htm,428.0,36.0143,-75.6679
WRST,Wrangell-St Elias National Park & Preserve,https://en.wikipedia.org/wiki/Wrangell-St_Elias_National_Park_and_Preserve,https://www.nps.gov/WRST/index.htm,13175799.0,61.435,-142.95361
WUPA,Wupatki National Monument,https://en.wikipedia.org/wiki/Wupatki_National_Monument,https://www.nps.gov/WUPA/index.htm,35422.0,35.5575,-111.39583
WWII,World War II Memorial,https://en.wikipedia.org/wiki/World_War_II_Memorial,https://www.nps.gov/WWII/index.htm,7.4,38.88944,-77.04056
WWIM,World War I Memorial,"https://en.wikipedia.org/wiki/National_World_War_I_Memorial_(Washington,_D.C.)",https://www.nps.gov/WWIM/index.htm,1.76,38.89611,-77.03278
YELL,Yellowstone National Park,https://en.wikipedia.org/wiki/Yellowstone_National_Park,https://www.nps.gov/YELL/index.htm,2219791.0,44.6,-110.5
YOSE,Yosemite National Park,https://en.wikipedia.org/wiki/Yosemite_National_Park,https://www.nps.gov/YOSE/index.htm,759620.0,37.7425,-119.5375
YUCH,Yukon-Charley Rivers National Preserve,https://en.wikipedia.org/wiki/Yukon-Charley_Rivers_National_Preserve,https://www.nps.gov/YUCH/index.htm,2525512.0,65.0,-143.5
ZION,Zion National Park,https://en.wikipedia.org/wiki/Zion_National_Park,https://www.nps.gov/ZION/index.htm,146597.0,37.3,-113.0
